fips,county,cents_per_kwh_2019,cents_per_kwh_2024,percent_change,utilities
48001,Anderson,11.22,12.08,7.7,2
48003,Andrews,10.21,13.16,28.8,2
48005,Angelina,11.75,13.2,12.4,3
48007,Aransas,12.54,13.99,11.6,1
48009,Archer,9.14,12.65,38.5,1
48011,Armstrong,10.29,13.4,30.3,2
48013,Atascosa,10.69,12.37,15.7,3
48015,Austin,11.17,12.06,8.0,3
48017,Bailey,10.23,13.25,29.6,3
48019,Bandera,10.72,12.43,16.0,2
48021,Bastrop,10.82,11.52,6.4,2
48023,Baylor,9.07,12.65,39.4,1
48025,Bee,10.53,11.4,8.2,2
48027,Bell,10.31,12.36,19.9,3
48029,Bexar,10.56,12.34,16.8,5
48031,Blanco,10.44,12.12,16.1,2
48033,Borden,10.26,13.17,28.4,3
48035,Bosque,9.12,12.92,41.7,2
48037,Bowie,10.41,12.13,16.5,3
48039,Brazoria,10.9,13.42,23.1,1
48041,Brazos,10.36,13.58,31.1,6
48043,Brewster,16.49,18.51,12.2,1
48045,Briscoe,10.27,13.37,30.2,2
48047,Brooks,9.93,10.56,6.4,3
48049,Brown,11.7,15.52,32.6,1
48051,Burleson,10.15,13.12,29.2,4
48053,Burnet,10.37,12.22,17.9,1
48055,Caldwell,10.35,12.11,16.9,3
48057,Calhoun,10.76,12.58,16.9,2
48059,Callahan,13.23,15.42,16.5,2
48061,Cameron,9.62,10.82,12.5,2
48063,Camp,10.37,12.22,17.8,3
48065,Carson,10.23,13.35,30.5,1
48067,Cass,10.39,12.18,17.2,4
48069,Castro,10.2,13.16,29.1,4
48071,Chambers,10.05,13.66,36.0,1
48073,Cherokee,11.24,15.65,39.2,2
48075,Childress,10.13,11.67,15.2,4
48077,Clay,10.4,15.56,49.6,1
48079,Cochran,10.21,13.21,29.4,4
48081,Coke,13.55,14.41,6.3,2
48083,Coleman,13.7,15.37,12.2,1
48085,Collin,10.96,13.87,26.6,4
48087,Collingsworth,10.3,12.14,17.9,3
48089,Colorado,11.18,12.1,8.2,4
48091,Comal,10.5,12.4,18.1,4
48093,Comanche,9.53,13.24,39.0,3
48095,Concho,12.43,12.91,3.8,2
48097,Cooke,10.76,14.41,34.0,4
48099,Coryell,9.34,13.01,39.3,3
48101,Cottle,10.12,12.71,25.6,3
48105,Crockett,15.19,17.15,12.9,2
48107,Crosby,10.12,12.71,25.6,3
48109,Culberson,12.16,13.65,12.3,2
48111,Dallam,10.2,13.28,30.2,4
48113,Dallas,10.93,12.31,12.6,4
48115,Dawson,10.21,13.16,28.8,2
48123,DeWitt,10.19,12.11,18.8,3
48117,Deaf Smith,10.19,13.26,30.1,2
48119,Delta,11.4,11.77,3.3,2
48121,Denton,10.07,13.47,33.8,5
48125,Dickens,9.66,10.5,8.8,2
48127,Dimmit,12.57,13.39,6.6,2
48129,Donley,10.26,12.82,24.9,4
48131,Duval,10.93,11.2,2.5,2
48133,Eastland,9.95,13.48,35.4,3
48135,Ector,10.23,13.35,30.5,1
48137,Edwards,10.56,12.32,16.6,4
48141,El Paso,12.16,13.65,12.3,2
48139,Ellis,9.59,13.58,41.6,3
48143,Erath,9.09,13.0,43.1,1
48145,Falls,10.04,13.68,36.3,3
48147,Fannin,11.89,14.02,17.9,4
48149,Fayette,10.78,12.22,13.3,4
48151,Fisher,13.68,14.93,9.1,2
48153,Floyd,10.13,12.71,25.5,3
48155,Foard,9.69,12.68,30.8,3
48159,Franklin,10.76,12.02,11.7,4
48161,Freestone,11.02,15.44,40.1,3
48163,Frio,10.7,11.3,5.7,2
48165,Gaines,10.2,13.12,28.7,3
48167,Galveston,10.05,13.66,36.0,1
48169,Garza,10.12,12.59,24.3,4
48171,Gillespie,10.42,12.12,16.3,2
48173,Glasscock,13.08,12.73,-2.7,1
48175,Goliad,10.34,12.23,18.3,4
48177,Gonzales,10.49,11.93,13.7,3
48179,Gray,10.25,12.8,25.0,3
48181,Grayson,10.87,14.38,32.3,4
48183,Gregg,10.31,12.19,18.3,3
48185,Grimes,10.33,13.72,32.9,3
48187,Guadalupe,10.49,12.31,17.3,6
48189,Hale,10.12,12.67,25.2,4
48191,Hall,10.08,11.61,15.1,3
48193,Hamilton,9.34,13.01,39.3,3
48195,Hansford,10.22,13.24,29.6,4
48197,Hardeman,9.66,10.35,7.2,1
48199,Hardin,10.27,13.51,31.5,2
48201,Harris,10.23,13.7,33.9,2
48203,Harrison,10.19,11.99,17.7,3
48205,Hartley,10.2,13.28,30.2,3
48207,Haskell,9.11,12.69,39.4,2
48209,Hays,10.49,12.04,14.7,3
48211,Hemphill,10.29,13.36,29.8,3
48213,Henderson,11.12,11.26,1.3,1
48215,Hidalgo,9.38,10.2,8.7,1
48217,Hill,10.63,14.92,40.4,3
48219,Hockley,10.08,12.53,24.3,4
48221,Hood,9.05,12.79,41.2,2
48223,Hopkins,10.68,11.95,11.9,3
48225,Houston,10.1,13.76,36.2,2
48229,Hudspeth,12.16,13.65,12.3,2
48231,Hunt,11.48,11.87,3.4,4
48233,Hutchinson,10.21,13.24,29.6,3
48235,Irion,12.82,12.91,0.7,2
48237,Jack,9.26,13.07,41.2,2
48239,Jackson,10.4,12.54,20.7,4
48241,Jasper,10.36,13.47,30.0,4
48243,Jeff Davis,16.49,18.51,12.2,1
48245,Jefferson,10.05,13.66,36.0,1
48247,Jim Hogg,11.54,12.1,4.9,1
48249,Jim Wells,10.92,11.21,2.7,2
48251,Johnson,9.46,13.48,42.6,2
48253,Jones,13.68,14.93,9.1,2
48255,Karnes,10.14,12.14,19.7,3
48257,Kaufman,11.29,11.39,0.8,2
48259,Kendall,10.62,12.32,16.0,4
48261,Kenedy,9.67,10.33,6.8,2
48263,Kent,9.79,10.72,9.5,2
48265,Kerr,10.41,12.0,15.3,4
48267,Kimble,10.44,12.12,16.1,2
48269,King,9.1,12.06,32.5,2
48271,Kinney,10.55,12.31,16.7,3
48273,Kleberg,10.55,10.68,1.3,1
48275,Knox,8.98,12.65,40.8,1
48283,La Salle,10.7,11.3,5.7,2
48277,Lamar,12.11,14.67,21.1,2
48279,Lamb,10.09,12.63,25.1,4
48281,Lampasas,10.4,12.27,18.0,2
48285,Lavaca,11.03,12.93,17.2,4
48287,Lee,10.67,11.95,11.9,3
48289,Leon,10.13,13.82,36.4,3
48291,Liberty,10.27,13.51,31.5,2
48293,Limestone,10.09,13.75,36.2,3
48295,Lipscomb,10.24,13.31,29.9,2
48297,Live Oak,10.54,10.93,3.7,3
48299,Llano,10.46,12.18,16.4,3
48303,Lubbock,10.23,12.63,23.5,4
48305,Lynn,10.08,12.56,24.6,3
48313,Madison,10.23,13.84,35.2,4
48315,Marion,10.23,12.11,18.4,2
48317,Martin,9.73,8.99,-7.6,1
48319,Mason,10.43,12.12,16.2,2
48321,Matagorda,11.05,13.4,21.3,2
48323,Maverick,16.49,18.51,12.2,1
48307,McCulloch,11.37,11.03,-3.0,1
48309,McLennan,10.2,14.33,40.5,3
48311,McMullen,10.81,11.25,4.0,4
48325,Medina,10.72,12.37,15.4,4
48327,Menard,10.45,12.13,16.1,3
48329,Midland,10.23,13.35,30.5,1
48331,Milam,10.09,13.26,31.3,4
48333,Mills,11.28,14.25,26.3,2
48335,Mitchell,13.5,14.28,5.8,3
48337,Montague,10.79,14.96,38.6,2
48339,Montgomery,10.49,13.58,29.4,4
48341,Moore,10.2,13.28,30.2,2
48343,Morris,10.39,12.18,17.2,3
48345,Motley,10.12,12.71,25.6,3
48347,Nacogdoches,10.65,13.54,27.1,3
48349,Navarro,10.48,14.25,36.0,1
48351,Newton,10.16,13.6,33.8,3
48353,Nolan,13.5,14.28,5.8,3
48355,Nueces,10.92,11.21,2.7,2
48357,Ochiltree,10.24,13.31,29.9,2
48359,Oldham,10.16,13.18,29.7,3
48361,Orange,10.14,13.64,34.4,2
48363,Palo Pinto,9.05,12.79,41.2,2
48365,Panola,10.27,12.17,18.6,4
48367,Parker,9.19,13.04,41.9,3
48369,Parmer,10.2,13.21,29.6,3
48371,Pecos,15.19,17.15,12.9,2
48373,Polk,10.28,13.51,31.4,2
48375,Potter,10.2,13.28,30.2,2
48377,Presidio,16.49,18.51,12.2,1
48379,Rains,10.68,11.95,11.9,3
48381,Randall,10.29,13.4,30.3,2
48383,Reagan,12.82,12.91,0.7,2
48385,Real,10.57,12.14,14.8,4
48387,Red River,10.43,12.23,17.2,3
48389,Reeves,16.49,18.51,12.2,1
48391,Refugio,11.24,12.68,12.8,2
48393,Roberts,10.29,13.36,29.8,3
48395,Robertson,10.12,13.49,33.3,3
48397,Rockwall,11.5,11.51,0.1,1
48399,Runnels,13.55,14.41,6.3,2
48401,Rusk,10.35,12.52,21.0,5
48403,Sabine,10.99,13.05,18.7,2
48405,San Augustine,10.34,13.1,26.7,1
48407,San Jacinto,10.27,13.51,31.5,2
48409,San Patricio,12.54,13.99,11.6,1
48411,San Saba,10.45,12.18,16.6,3
48413,Schleicher,10.38,12.23,17.8,2
48415,Scurry,11.8,13.72,16.3,1
48417,Shackelford,12.91,15.07,16.7,3
48419,Shelby,10.31,12.3,19.3,3
48421,Sherman,10.2,13.28,30.2,3
48423,Smith,10.41,12.45,19.6,4
48425,Somervell,9.09,13.0,43.1,1
48427,Starr,9.76,10.53,7.9,2
48429,Stephens,9.35,13.17,40.8,2
48431,Sterling,13.08,12.73,-2.7,1
48433,Stonewall,9.19,12.11,31.8,3
48435,Sutton,10.38,12.23,17.8,2
48437,Swisher,10.27,13.37,30.2,2
48439,Tarrant,9.76,13.34,36.6,3
48441,Taylor,13.77,15.37,11.6,1
48443,Terrell,16.49,18.51,12.2,1
48445,Terry,10.21,13.16,28.8,2
48447,Throckmorton,9.15,12.69,38.7,2
48449,Titus,10.54,12.24,16.2,3
48451,Tom Green,12.43,12.91,3.8,2
48453,Travis,10.58,12.26,15.8,3
48455,Trinity,10.31,13.59,31.8,3
48457,Tyler,10.27,13.51,31.5,2
48459,Upshur,10.37,12.22,17.8,3
48461,Upton,11.99,13.55,13.0,1
48463,Uvalde,11.93,12.91,8.2,3
48465,Val Verde,15.19,17.15,12.9,2
48467,Van Zandt,10.78,11.78,9.3,4
48469,Victoria,10.29,12.42,20.6,2
48471,Walker,10.39,13.62,31.1,4
48473,Waller,10.33,13.72,32.9,3
48477,Washington,10.16,13.18,29.7,4
48479,Webb,12.57,13.39,6.6,2
48481,Wharton,11.05,13.4,21.3,2
48483,Wheeler,10.25,12.78,24.7,4
48487,Wilbarger,9.72,13.04,34.2,2
48489,Willacy,9.38,10.2,8.7,1
48491,Williamson,10.67,12.35,15.8,5
48493,Wilson,10.61,12.39,16.8,4
48497,Wise,9.99,13.53,35.5,4
48499,Wood,10.63,12.02,13.1,4
48501,Yoakum,10.2,13.12,28.7,3
48503,Young,9.16,13.0,42.0,1
48505,Zapata,11.54,12.1,4.9,1
48507,Zavala,12.57,13.39,6.6,2
